<?xml version="1.0" encoding="UTF8"?><!DOCTYPE liste SYSTEM 'liste.dtd'><Listes>  <List>    <nomModel>music</nomModel>    <idList>79</idList>    <list_idList>0</list_idList>    <nb_duplication>0</nb_duplication>    <nb_view>19</nb_view>    <title>Musique d'admin</title>    <description />    <tag>Hurt, Skillet, The Used</tag>    <categorie_idcategories>2</categorie_idcategories>    <status>true</status>    <permission>1</permission>    <music>      <item_idItem>395</item_idItem>      <description>Hurt - Rapture</description>      <title>Hurt - Rapture</title>      <url>http://thomaroger.fr/mov/02-Hurt-Rapture.mp3</url>    </music>    <nomModel>music</nomModel>    <music>      <item_idItem>396</item_idItem>      <description>The Used - All That I've Got</description>      <title>The Used - All That I've Got</title>      <url>http://thomaroger.fr/mov/04_The_Used_-_All_That_I've_Got_(In_Love_And_Death).mp3</url>    </music>    <nomModel>music</nomModel>    <music>      <item_idItem>397</item_idItem>      <description>Skillet - Looking &amp;nbsp;For Angels</description>      <title>Skillet - Looking for Angels</title>      <url>http://thomaroger.fr/mov/Skillet_Looking_for_Angels.mp3</url>    </music>    <nomModel>picture</nomModel>  </List>  <List>    <idList>80</idList>    <list_idList>0</list_idList>    <nb_duplication>0</nb_duplication>    <nb_view>13</nb_view>    <title>Photos d'admin</title>    <description />    <tag>megan fox, france, google</tag>    <categorie_idcategories>6</categorie_idcategories>    <status>true</status>    <permission>1</permission>    <picture>      <item_idItem>401</item_idItem>      <description>Google</description>      <title>Google</title>      <url>http://businessenligne.files.wordpress.com/2009/04/google1.jpg</url>      <url_new>http://businessenligne.files.wordpress.com/2009/04/google1.jpg</url_new>    </picture>    <nomModel>picture</nomModel>    <picture>      <item_idItem>402</item_idItem>      <description>A gd654654380</description>      <title>A 380</title>      <url>http://www.kikoosland.com/wp-content/uploads/2009/10/Airbus-A380-Air-France-1.jpg</url>      <url_new>http://www.kikoosland.com/wp-content/uploads/2009/10/Airbus-A380-Air-France-1.jpg</url_new>    </picture>    <nomModel>picture</nomModel>    <picture>      <item_idItem>403</item_idItem>      <description>Maison</description>      <title>Maison</title>      <url>http://www.pays-basque-tourisme.info/IMG/jpg/notre_maison_001-2.jpg</url>      <url_new>http://www.pays-basque-tourisme.info/IMG/jpg/notre_maison_001-2.jpg</url_new>    </picture>    <nomModel>movie</nomModel>  </List>  <List>    <idList>81</idList>    <list_idList>0</list_idList>    <nb_duplication>0</nb_duplication>    <nb_view>12</nb_view>    <title>Vid?o d'admin</title>    <description>&lt;p&gt;Les vid?os de l'administrateur&lt;strong&gt;&lt;/strong&gt;&lt;/p&gt;</description>    <tag>Toy story, iron man2</tag>    <categorie_idcategories>5</categorie_idcategories>    <status>true</status>    <permission>1</permission>    <movie>      <item_idItem>405</item_idItem>      <description>The creators of the beloved "Toy Story" films re?open the toy box and bring moviegoers back to the delightful world of Woody, Buzz and our favorite gang of toy characters in TOY STORY 3. Woody and Buzz had accepted that their owner Andy woul...</description>      <title>Toy Story</title>      <url>http://trailers.apple.com/movies/disney/toystory3/toystory3-tsr_r640s.mov</url>    </movie>    <nomModel>movie</nomModel>    <movie>      <item_idItem>407</item_idItem>      <description>A nutty comedy from co?directors and writers John Carney and Kieran Carney, Zonad is in cinemas March 17th. Zonad (Simon Delaney) is from space...probably.</description>      <title>Zonad</title>      <url>http://trailers.apple.com/movies/independent/zonad/zonad_h.640.mov</url>    </movie>    <nomModel>event</nomModel>  </List>  <List>    <idList>84</idList>    <list_idList>0</list_idList>    <nb_duplication>0</nb_duplication>    <nb_view>8</nb_view>    <title>?v?nement d'admin</title>    <description />    <tag>tootlist</tag>    <categorie_idcategories>6</categorie_idcategories>    <status>true</status>    <permission>1</permission>    <event>      <db>414</db>      <name>&lt;p&gt;Rendre les sources de Tootlist&lt;br /&gt;Rendre la documentation&lt;/p&gt;</name>      <body>Rendu des sources de Tootlist</body>      <definer>2010-05-05</definer>      <execute_at>2010-05-05</execute_at>      <interval_value>27 rue de fontarabie, Paris</interval_value>    </event>    <nomModel>event</nomModel>    <event>      <db>415</db>      <name>Soutenance de projet</name>      <body>Soutenance de projet</body>      <definer>2010-06-24</definer>      <execute_at>2010-06-24</execute_at>      <interval_value>27 rue de fontarabie, Paris</interval_value>    </event>    <nomModel>bookmark</nomModel>  </List>  <List>    <idList>85</idList>    <list_idList>0</list_idList>    <nb_duplication>0</nb_duplication>    <nb_view>8</nb_view>    <title>Favoris d'admin</title>    <description />    <tag>Facebook, twitter, chatroulette</tag>    <categorie_idcategories>6</categorie_idcategories>    <status>true</status>    <permission>1</permission>    <bookmark>      <item_idItem>419</item_idItem>      <title>Facebook</title>      <link>http://www.facebook.com</link>      <description>Facebook est un r?seau social</description>      <picture>http://t1.gstatic.com/images?q=tbn:o5r5c7QVjb5iQM:http://www.xaviergalaup.fr/blog/wp-content/uploads/2010/01/facebook-f-logo.jpg</picture>      <tags>Facebook</tags>    </bookmark>    <nomModel>bookmark</nomModel>    <bookmark>      <item_idItem>420</item_idItem>      <title>Twitter</title>      <link>http://www.twitter.com</link>      <description>Twitter est un r?seau social bas? sur des tweets</description>      <picture>http://t1.gstatic.com/images?q=tbn:1Ua1-o7kM5ncwM:http://www.touchephd.com/blog/wp-content/themes/FREEmium/img/icon-twitter.png</picture>      <tags>Twitter</tags>    </bookmark>    <nomModel>bookmark</nomModel>    <bookmark>      <item_idItem>421</item_idItem>      <title>Chatroulette</title>      <link>http://www.chatroulette.com</link>      <description>Chatroulette est un site internet qui permet de rencontrer des ?trangers</description>      <picture>http://t2.gstatic.com/images?q=tbn:TGtOALnrC4exBM:http://19.media.tumblr.com/tumblr_kv4rx1X3dv1qa8kfao1_500.png</picture>      <tags>Chatroulette</tags>    </bookmark>    <nomModel>envie</nomModel>  </List>  <List>    <idList>87</idList>    <list_idList>0</list_idList>    <nb_duplication>0</nb_duplication>    <nb_view>2</nb_view>    <title>Envies d'admin</title>    <description />    <tag>envies</tag>    <categorie_idcategories>6</categorie_idcategories>    <status>true</status>    <permission>1</permission>    <envie>      <item_idItem>452</item_idItem>      <description>Parce qu'on dort pas beaucoup</description>      <title>Dormir</title>    </envie>    <nomModel>envie</nomModel>    <envie>      <item_idItem>453</item_idItem>      <description>Parce que ?a serait bien</description>      <title>Finir Tootlist</title>    </envie>    <nomModel>envie</nomModel>    <envie>      <item_idItem>454</item_idItem>      <description>Parce que sinon c'est la loose</description>      <title>Avoir une bonne note</title>    </envie>    <nomModel>envie</nomModel>  </List>  <List>    <idList>88</idList>    <list_idList>87</list_idList>    <nb_duplication>1</nb_duplication>    <nb_view>1</nb_view>    <title>Envies d'admin - duplication</title>    <description />    <tag>envies</tag>    <categorie_idcategories>6</categorie_idcategories>    <status>true</status>    <permission>1</permission>    <envie>      <item_idItem>456</item_idItem>      <description>Parce qu'on dort pas beaucoup</description>      <title>Dormir</title>    </envie>    <nomModel>envie</nomModel>    <envie>      <item_idItem>457</item_idItem>      <description>Parce que ?a serait bien</description>      <title>Finir Tootlist</title>    </envie>    <nomModel>envie</nomModel>    <envie>      <item_idItem>458</item_idItem>      <description>Parce que sinon c'est la loose</description>      <title>Avoir une bonne note</title>    </envie>    <nomModel>directory</nomModel>  </List>  <List>    <idList>89</idList>    <list_idList>0</list_idList>    <nb_duplication>0</nb_duplication>    <nb_view>0</nb_view>    <title>Mon r?pertoire t?l?phonique d'admin</title>    <description />    <tag />    <categorie_idcategories>6</categorie_idcategories>    <status>true</status>    <permission>1</permission>    <directory>      <item_idItem>459</item_idItem>      <address>8 impasse des lys</address>      <business_phone />      <city>Voisenon</city>      <country>France</country>      <email>thomaroger@aol.com</email>      <email2 />      <firstname>Thomas</firstname>      <home_phone>0160689513</home_phone>      <lastname>ROGER</lastname>      <login>lostprofetmars2</login>      <phone />      <postal_code>77950</postal_code>      <website>www.thomaroger.fr</website>    </directory>  </List></Listes>
