<?xml version="1.0" encoding="utf-8"?>
<!DOCTYPE hibernate-configuration PUBLIC
        "-//Hibernate/Hibernate Configuration DTD 3.0//EN"
        "http://hibernate.sourceforge.net/hibernate-configuration-3.0.dtd">

<hibernate-configuration>

    <session-factory>

        <!-- Database connection settings -->
        <property name="connection.driver_class">com.mysql.jdbc.Driver</property>
        <property name="connection.url">jdbc:mysql://localhost/tootlist</property>
        <property name="connection.username">root</property>
        <property name="connection.password"></property>

        <!-- SQL dialect -->
        <property name="dialect">org.hibernate.dialect.MySQLDialect</property>

        <!-- Echo all executed SQL to stdout -->
        <property name="show_sql">true</property>

        <mapping resource="hbm/Users.hbm.xml"/>
        <mapping resource="hbm/Model.hbm.xml"/>
        <mapping resource="hbm/Categorie.hbm.xml"/>
        <mapping resource="hbm/User_has_list.hbm.xml"/>
        <mapping resource="hbm/List.hbm.xml"/>
  
    </session-factory>

</hibernate-configuration>

