<?xml version="1.0" encoding="UTF-8"?>
<Listes>
	<List>
		<permission>1</permission>
		<status>1</status>
		<nomModel>nomModel</nomModel>
		<idList>1</idList>
		<list_idList>1</list_idList>
		<nb_duplication>1</nb_duplication>
		<nb_view>1</nb_view>
		<title>Title</title>
		<description>Description</description>
		<tag>tags</tag>
		<categorie_idcategories>1</categorie_idcategories>
		<picture>
			<item_idItem>1</item_idItem>
			<description>Description</description>
			<title>Title</title>
			<url>url</url>
			<url_new>new url</url_new>
		</picture>
	</List>
	
	<List>
		<permission>1</permission>
		<status>1</status>
		<nomModel>nomModel</nomModel>
		<idList>1</idList>
		<list_idList>1</list_idList>
		<nb_duplication>1</nb_duplication>
		<nb_view>1</nb_view>
		<title>Title</title>
		<description>Description</description>
		<tag>tags</tag>
		<categorie_idcategories>1</categorie_idcategories>
		<music>
			<item_idItem>1</item_idItem>
			<description>description</description>
			<title>title</title>
			<url>url</url>
		</music>
		<music>
			<item_idItem>1</item_idItem>
			<description>description</description>
			<title>title</title>
			<url>url</url>
		</music>
	</List>
	
	<List>
		<permission>1</permission>
		<status>1</status>
		<nomModel>nomModel</nomModel>
		<idList>1</idList>
		<list_idList>1</list_idList>
		<nb_duplication>1</nb_duplication>
		<nb_view>1</nb_view>
		<title>Title</title>
		<description>Description</description>
		<tag>tags</tag>
		<categorie_idcategories>1</categorie_idcategories>
		<movie>
			<item_idItem>1</item_idItem>
			<description>description</description>
			<title>title</title>
			<url>url</url>
		</movie>
	</List>
	
	<List>
		<permission>1</permission>
		<status>1</status>
		<nomModel>nomModel</nomModel>
		<idList>1</idList>
		<list_idList>1</list_idList>
		<nb_duplication>1</nb_duplication>
		<nb_view>1</nb_view>
		<title>Title</title>
		<description>Description</description>
		<tag>tags</tag>
		<categorie_idcategories>1</categorie_idcategories>
		<pokemon>
		
		</pokemon>
	</List>
	
	<List>
		<permission>1</permission>
		<status>1</status>
		<nomModel>nomModel</nomModel>
		<idList>1</idList>
		<list_idList>1</list_idList>
		<nb_duplication>1</nb_duplication>
		<nb_view>1</nb_view>
		<title>Title</title>
		<description>Description</description>
		<tag>tags</tag>
		<categorie_idcategories>1</categorie_idcategories>
		<bookmark>
			<item_idItem>1</item_idItem>
			<title>title</title>
			<link>link</link>
			<description>description</description>
			<picture>picture</picture>
			<tags>tags</tags>
		</bookmark>
	</List>
	
	<List>
		<permission>1</permission>
		<status>1</status>
		<nomModel>nomModel</nomModel>
		<idList>1</idList>
		<list_idList>1</list_idList>
		<nb_duplication>1</nb_duplication>
		<nb_view>1</nb_view>
		<title>Title</title>
		<description>Description</description>
		<tag>tags</tag>
		<categorie_idcategories>1</categorie_idcategories>
		<envie>
			<item_idItem>1</item_idItem>
			<title>title</title>
			<description>description</description>
		</envie>
	</List>
	
	<List>
		<permission>1</permission>
		<status>1</status>
		<nomModel>nomModel</nomModel>
		<idList>1</idList>
		<list_idList>1</list_idList>
		<nb_duplication>1</nb_duplication>
		<nb_view>1</nb_view>
		<title>Title</title>
		<description>Description</description>
		<tag>tags</tag>
		<categorie_idcategories>1</categorie_idcategories>
		<recall>
			<item_idItem>1</item_idItem>
			<number>1</number>
			<type>rappel</type>
			<timescale>02/24/2010</timescale>
		</recall>
	</List>
	
	<List>
		<permission>1</permission>
		<status>1</status>
		<nomModel>nomModel</nomModel>
		<idList>1</idList>
		<list_idList>1</list_idList>
		<nb_duplication>1</nb_duplication>
		<nb_view>1</nb_view>
		<title>Title</title>
		<description>Description</description>
		<tag>tags</tag>
		<categorie_idcategories>1</categorie_idcategories>
		<document>
			<item_idItem></item_idItem>
			<description>description</description>
			<title>title</title>
			<url>url</url>
		</document>
	</List>
	
	<List>
		<permission>1</permission>
		<status>1</status>
		<nomModel>nomModel</nomModel>
		<idList>1</idList>
		<list_idList>1</list_idList>
		<nb_duplication>1</nb_duplication>
		<nb_view>1</nb_view>
		<title>Title</title>
		<description>Description</description>
		<tag>tags</tag>
		<categorie_idcategories>1</categorie_idcategories>
		<event>
			<item_idItem>1</item_idItem>
			<model_id>1</model_id>
			<date_begin>03/22/2010</date_begin>
			<date_end>03/23/2010</date_end>
			<description>description</description>
			<location>location</location>
			<title>title</title>
		</event>
	</List>
</Listes>