<?xml version="1.0"?> 
<!DOCTYPE hibernate-mapping PUBLIC "-//Hibernate/Hibernate Mapping DTD 3.0//EN" "http://hibernate.sourceforge.net/hibernate-mapping-3.0.dtd">

<hibernate-mapping package="Entities">
	<class name="Categorie" table="categorie">
		<meta attribute="sync-DAO">false</meta>
		<id name="idcategories" type="integer" column="idcategories">
			<generator class="native" />
		</id>
		<property name="description" column="description" type="text" />
		<property name="title_fr" column="title_fr" type="string"
			not-null="false" length="255" />
		<property name="title_en" column="title_en" type="string"
			not-null="false" length="255" />
		<property name="tags" column="tags" type="text" />
		<property name="categorie_idcategories" column="categorie_idcategories"
			type="integer" />
	</class>
</hibernate-mapping>