<?xml version="1.0" encoding="UTF-8"?>
<!DOCTYPE liste SYSTEM "liste.dtd"><Listes><List><nomModel>music</nomModel><idList>79</idList><list_idList>0</list_idList><nb_duplication>0</nb_duplication><nb_view>19</nb_view><title>Musique d'admin</title><description/><tag>Hurt, Skillet, The Used</tag><categorie_idcategories>2</categorie_idcategories><status>true</status><permission>1</permission><music><item_idItem>395</item_idItem><description>Hurt - Rapture</description><title>Hurt - Rapture</title><url>http://thomaroger.fr/mov/02-Hurt-Rapture.mp3</url></music><nomModel>music</nomModel><music><item_idItem>396</item_idItem><description>The Used - All That I've Got</description><title>The Used - All That I've Got</title><url>http://thomaroger.fr/mov/04_The_Used_-_All_That_I've_Got_(In_Love_And_Death).mp3</url></music><nomModel>music</nomModel><music><item_idItem>397</item_idItem><description>Skillet - Looking &amp;nbsp;For Angels</description><title>Skillet - Looking for Angels</title><url>http://thomaroger.fr/mov/Skillet_Looking_for_Angels.mp3</url></music></List><List><nomModel>picture</nomModel><idList>80</idList><list_idList>0</list_idList><nb_duplication>0</nb_duplication><nb_view>13</nb_view><title>Photos d'admin</title><description/><tag>megan fox, france, google</tag><categorie_idcategories>6</categorie_idcategories><status>true</status><permission>1</permission><picture>      <item_idItem>400</item_idItem>      <description>Megan Fox</description>      <title>Megan Fox</title>      <url>http://www.radionrj.ca/fckimages/megan_fox_01.jpg</url>      <url_new>http://www.radionrj.ca/fckimages/megan_fox_01.jpg</url_new>    </picture><nomModel>picture</nomModel><picture>      <item_idItem>401</item_idItem>      <description>Google</description>      <title>Google</title>      <url>http://businessenligne.files.wordpress.com/2009/04/google1.jpg</url>      <url_new>http://businessenligne.files.wordpress.com/2009/04/google1.jpg</url_new>    </picture><nomModel>picture</nomModel><picture>      <item_idItem>402</item_idItem>      <description>A 380</description>      <title>A 380</title>      <url>http://www.kikoosland.com/wp-content/uploads/2009/10/Airbus-A380-Air-France-1.jpg</url>      <url_new>http://www.kikoosland.com/wp-content/uploads/2009/10/Airbus-A380-Air-France-1.jpg</url_new>    </picture><nomModel>picture</nomModel><picture>      <item_idItem>403</item_idItem>      <description>Maison</description>      <title>Maison</title>      <url>http://www.pays-basque-tourisme.info/IMG/jpg/notre_maison_001-2.jpg</url>      <url_new>http://www.pays-basque-tourisme.info/IMG/jpg/notre_maison_001-2.jpg</url_new>    </picture></List><List><nomModel>movie</nomModel><idList>81</idList><list_idList>0</list_idList><nb_duplication>0</nb_duplication><nb_view>12</nb_view><title>Video d'admin</title><description>&lt;p&gt;Les videos de l'administrateur&lt;strong&gt;&lt;/strong&gt;&lt;/p&gt;</description><tag>Toy story, iron man2</tag><categorie_idcategories>5</categorie_idcategories><status>true</status><permission>1</permission><movie><item_idItem>405</item_idItem><description>The creators of the beloved "Toy Story" films re-open the toy box and bring moviegoers back to the delightful world of Woody, Buzz and our favorite gang of toy characters in TOY STORY 3. Woody and Buzz had accepted that their owner Andy woul...</description><title>Toy Story</title><url>http://trailers.apple.com/movies/disney/toystory3/toystory3-tsr_r640s.mov</url></movie><nomModel>movie</nomModel><movie><item_idItem>406</item_idItem><description>Paramount Pictures and Marvel Entertainment present the highly anticipated sequel to the blockbuster film based on the legendary Marvel Super Hero "Iron Man", reuniting director Jon Favreau and Oscar nominee Robert Downey Jr. In "Iron Man 2"...</description><title>Iron Man II</title><url>http://trailers.apple.com/movies/paramount/ironman2/ironman2-clip2_r640s.mov</url></movie><nomModel>movie</nomModel><movie><item_idItem>407</item_idItem><description>A nutty comedy from co-directors and writers John Carney and Kieran Carney, Zonad is in cinemas March 17th. Zonad (Simon Delaney) is from space...probably.</description><title>Zonad</title><url>http://trailers.apple.com/movies/independent/zonad/zonad_h.640.mov</url></movie></List><List><nomModel>event</nomModel><idList>84</idList><list_idList>0</list_idList><nb_duplication>0</nb_duplication><nb_view>8</nb_view><title>evenement d'admin</title><description/><tag>tootlist</tag><categorie_idcategories>6</categorie_idcategories><status>true</status><permission>1</permission><event><item_idItem>414</item_idItem><date_begin>2010-05-05</date_begin><date_end>2010-05-05</date_end><description>&lt;p&gt;Rendre les sources de Tootlist&lt;br /&gt;Rendre la documentation&lt;/p&gt;</description><location>27 rue de fontarabie, Paris</location><title>Rendu des sources de Tootlist</title></event><nomModel>event</nomModel><event><item_idItem>415</item_idItem><date_begin>2010-06-24</date_begin><date_end>2010-06-24</date_end><description>Soutenance de projet</description><location>27 rue de fontarabie, Paris</location><title>Soutenance de projet</title></event></List><List><nomModel>bookmark</nomModel><idList>85</idList><list_idList>0</list_idList><nb_duplication>0</nb_duplication><nb_view>8</nb_view><title>Favoris d'admin</title><description/><tag>Facebook, twitter, chatroulette</tag><categorie_idcategories>6</categorie_idcategories><status>true</status><permission>1</permission><bookmark><item_idItem>419</item_idItem><title>Facebook</title><link>http://www.facebook.com</link><description>Facebook est un reseau social</description><picture>http://t1.gstatic.com/images?q=tbn:o5r5c7QVjb5iQM:http://www.xaviergalaup.fr/blog/wp-content/uploads/2010/01/facebook-f-logo.jpg</picture><tags>Facebook</tags></bookmark><nomModel>bookmark</nomModel><bookmark><item_idItem>420</item_idItem><title>Twitter</title><link>http://www.twitter.com</link><description>Twitter est un reseau social base sur des tweets</description><picture>http://t1.gstatic.com/images?q=tbn:1Ua1-o7kM5ncwM:http://www.touchephd.com/blog/wp-content/themes/FREEmium/img/icon-twitter.png</picture><tags>Twitter</tags></bookmark><nomModel>bookmark</nomModel><bookmark><item_idItem>421</item_idItem><title>Chatroulette</title><link>http://www.chatroulette.com</link><description>Chatroulette est un site internet qui permet de rencontrer des etrangers</description><picture>http://t2.gstatic.com/images?q=tbn:TGtOALnrC4exBM:http://19.media.tumblr.com/tumblr_kv4rx1X3dv1qa8kfao1_500.png</picture><tags>Chatroulette</tags></bookmark></List><List><nomModel>envie</nomModel><idList>87</idList><list_idList>0</list_idList><nb_duplication>0</nb_duplication><nb_view>2</nb_view><title>Envies d'admin</title><description/><tag>envies</tag><categorie_idcategories>6</categorie_idcategories><status>true</status><permission>1</permission><envie><item_idItem>452</item_idItem><description>Parce qu'on dort pas beaucoup</description><title>Dormir</title></envie><nomModel>envie</nomModel><envie><item_idItem>453</item_idItem><description>Parce que ca serait bien</description><title>Finir Tootlist</title></envie><nomModel>envie</nomModel><envie><item_idItem>454</item_idItem><description>Parce que sinon c'est la loose</description><title>Avoir une bonne note</title></envie></List><List><nomModel>envie</nomModel><idList>88</idList><list_idList>87</list_idList><nb_duplication>1</nb_duplication><nb_view>1</nb_view><title>Envies d'admin - duplication</title><description/><tag>envies</tag><categorie_idcategories>6</categorie_idcategories><status>true</status><permission>1</permission><envie><item_idItem>456</item_idItem><description>Parce qu'on dort pas beaucoup</description><title>Dormir</title></envie><nomModel>envie</nomModel><envie><item_idItem>457</item_idItem><description>Parce que ca serait bien</description><title>Finir Tootlist</title></envie><nomModel>envie</nomModel><envie><item_idItem>458</item_idItem><description>Parce que sinon c'est la loose</description><title>Avoir une bonne note</title></envie></List><List><nomModel>directory</nomModel><idList>89</idList><list_idList>0</list_idList><nb_duplication>0</nb_duplication><nb_view>0</nb_view><title>Mon repertoire telephonique d'admin</title><description/><tag/><categorie_idcategories>6</categorie_idcategories><status>true</status><permission>1</permission><directory>      <item_idItem>459</item_idItem>      <address>8 impasse des lys</address>      <business_phone/>      <city>Voisenon</city>      <country>France</country>      <email>thomaroger@aol.com</email>      <email2/>      <firstname>Thomas</firstname>      <home_phone>0160689513</home_phone>      <lastname>ROGER</lastname>      <login>lostprofetmars2</login>      <phone/>      <postal_code>77950</postal_code>      <website>www.thomaroger.fr</website>    </directory></List><List><permission>1</permission><nomModel>picture</nomModel><status>true</status><idList/><list_idList/><nb_duplication>0</nb_duplication><nb_view>0</nb_view><title>test</title><description>test</description><tag>test</tag><categorie_idcategories>1</categorie_idcategories><picture><item_idItem/><description>test item</description><title>test item</title><url>http://www.lol.com</url><url_new/></picture></List></Listes>